question,truth
http://0800-horoscope.com,0
http://18games.net,3
http://1pixelout.net,0
http://1porno.com/004/teens/index.html,3
http://1stpussy.com/005/16/index.html,3
http://3x-pix.com,3
http://4d.com,0
http://4neurons.com,0
http://4-panama-city-beach-condo.com/index.htm,0
http://4whw.8m.net/,3
http://6lyrics.com,0
http://6t9u.com,3
http://79.170.40.167/micromin.net/downloads/index.php?=&=http://nickscipio.com/pod/2008/11/08_helicoptersex.html,0
http://991.com,0
http://9dir.com,0
http://a2phone.com,0
http://aarpmagazine.org,0
http://ablelinks.com,0
http://accurint.com,1
http://acehardwaresuperstore.com,0
http://activeboard.com,0
http://adameve.com,3
http://adc.gsfc.nasa.gov/,0
http://add2dir.info,0
http://adonomics.com,0
http://adultdvdemart.com,3
http://adult-porn-sites.net/shemale-comics/,3
http://adultswim.co.uk,1
http://advogato.org,0
http://aetna.com,0
http://affiliateguide.com,0
http://affiliatemarketingreviewer.com,0
http://allbetsareoff.com,0
http://AllHiphop.com,0
http://alpha-cow.com/sites/amateur/julia/,3
http://alphawomen.com,1
http://amateur18s.adultbouncer.com/,3
http://analogx.com,0
http://ancestorsites.com,0
http://andhrapradesh.com,0
http://animea.net,0
http://anything-asian.net,1
http://AOL.com,0
http://Apartmentguide.com,0
http://Apartments.com,0
http://apolloguide.com/mov_revtemp.asp?cid=950,0
http://apprupt.com,0
http://aquatapes.com,3
http://ar.geocities.com/hentsen/index.html,3
http://arcspace.com,0
http://aresearchguide.com,0
http://army.mod.uk,0
http://articlegold.com,0
http://articlemajoris.com,0
http://articlesandauthors.com,1
http://asandboxgreeting.com,0
http://AsianAve.com,1
http://asiatos.com,3
http://askganesha.com,0
http://Autotrader.com,0
http://autumntree.info,0
http://avert.org,1
http://avonarticles.com,0
http://azureuswiki.com,0
http://babepedia.com,2
http://babyboomerlifeboat.com,0
http://backseatcuddler.com/2007/04/09/lauren-conrad-and-jason-wahler-sex-tape/,2
http://backseatcuddler.com/2007/09/08/vanessa-hudgens-sexy-naughty-and-nude/,1
http://backseatcuddler.com/2008/01/05/adriana-lima-latest-sex-tape-scandal/,1
http://backseatcuddler.com/2008/01/05/adriana-lima-latest-sex-tape-scandal/adriana-lima-sex-tape/,2
http://backseatcuddler.com/2008/01/13/tiffany-new-york-pollard-has-a-sex-tape/,2
http://backseatcuddler.com/2008/01/22/dita-von-teeses-sexy-spanish-playboy-photos/,2
http://backseatcuddler.com/2008/01/22/dita-von-teeses-sexy-spanish-playboy-photos/dita-von-teese-playboy-5/,1
http://backseatcuddler.com/2008/03/04/victoria-pratt-sci-fis-sexy-pin-up/,1
http://backseatcuddler.com/2008/03/13/miley-cyrus-bff-mandy-jiroux-has-sexy-myspace-pictures/mandy-jiroux-2/,2
http://backseatcuddler.com/2008/03/20/lindsay-lohan-sex-tape/,3
http://backseatcuddler.com/2008/03/20/lindsay-lohan-sex-tape/lindsay-lohan-2/,1
http://backseatcuddler.com/2008/03/20/lindsay-lohan-sex-tape/lindsay-lohan-sex-tape/,2
http://backseatcuddler.com/2008/04/15/marilyn-monroe-sex-tape-sells-for-15-million-photos/,1
http://backseatcuddler.com/2008/06/29/new-miley-cyrus-pictures-not-naked-but-still-sexy/,1
http://backseatcuddler.com/2008/07/13/sex-and-the-city-sequel-in-the-works/,1
http://backseatcuddler.com/2008/08/23/vanessa-hudgens%e2%80%99-sexy-naughty-photo-shoot%e2%80%a6/,2
http://backseatcuddler.com/2008/09/16/megan-fox-reveals-bisexual-past-current-girl-crushes/,1
http://backseatcuddler.com/2008/10/05/megan-fox-is-the-sexiest-fakest-woman-in-the-world/megan-fox-fake/,1
http://backseatcuddler.com/2008/11/16/2008-victorias-secret-fashion-show-rocks-%e2%80%93-sexy-angels%e2%80%99-photos/,2
http://backseatcuddler.com/2008/11/16/2008-victorias-secret-fashion-show-rocks-%e2%80%93-sexy-angels%e2%80%99-photos/full_victorias_secret_show_02_wenn2175462/,2
http://backseatcuddler.com/2008/11/16/2008-victorias-secret-fashion-show-rocks-%e2%80%93-sexy-angels%e2%80%99-photos/full_victorias_secret_show_07_wenn2175461/,1
http://backseatcuddler.com/2008/11/16/2008-victorias-secret-fashion-show-rocks-%e2%80%93-sexy-angels%e2%80%99-photos/full_victorias_secret_show_08_wenn2175497/,1
http://backseatcuddler.com/2008/12/02/super-sexy-flirting-w-forty/,1
http://badlefthook.com,0
http://baitbus.com,3
http://bajajuae.com,0
http://bat5.com,3
http://bearshare.com,0
http://Beatlesarama.com,0
http://beextraordinaryquiz.com,0
http://bellacor.com,0
http://bestfreewaredownload.com,0
http://bestseoservices.com,0
http://bestshowticketslasvegas.com,0
http://bestwestern.com,0
http://betinternet.com,0
http://betonline.com,0
http://bfgtech.com,0
http://binglee.com.au,0
http://birdmovies.com,3
http://bitscreens.com,2
http://bjsbrewhouse.com,0
http://blacklistednews.com,0
http://blaxa.com,0
http://blockdirectory.com,0
http://blogtv.com,1
http://blurst.com,1
http://BoatingMag.com,0
http://bonuswhores.com,1
http://boobdex.com,3
http://bottomlineblack.com/,1
http://box.net,0
http://boylover.net,3
http://Break.com,2
http://breakss.com,0
http://brooklineacademy.com/,0
http://bsa90.tripod.com/,0
http://btjunkie.org/torrent/hbo-real-sex-31/4495bf0ffc6f704bcc78514def55a86a20731367c35e,2
http://btjunkie.org/torrent/sebastian-tellier-sexuality-2008/395234d29c5d451952573a1cab82ef647915ac901b83,0
http://buddypic.com/top.php?sex=f&page=6,1
http://buddypic.com/users/sexymisscris,1
http://buddypic.com/users/xsexishortyx,1
http://bumpshack.com/2007/01/18/kim-kardashian-caught-lying-about-sex-tape/,2
http://bumpshack.com/2007/02/07/kim-kardashian-sex-tape-to-be-released/,2
http://bumpshack.com/2007/02/08/kim-kardishians-lie-about-her-sex-tape/,1
http://bumpshack.com/2007/04/12/olivia-mojicas-sex-tape-smoking-hot-sex/,2
http://bumpshack.com/2007/11/18/paris-hilton-naked-bath-time-sex-tape/,2
http://bumpshack.com/2007/11/18/paris-hilton-naked-bath-time-sex-tape/paris-hilton-sex-tape-3/,2
http://bumpshack.com/2007/11/28/luciana-salazar-latest-celeb-sex-tape-scandal/,1
http://bumpshack.com/2008/01/08/sharron-kay-hrozek-latest-teacher-student-sex-scandal/,0
http://bumpshack.com/2008/01/24/kristy-lee-cook-american-idol-sex-scandal/kristy-lee-cook-sex-scandal-2/,2
http://bumpshack.com/2008/03/20/lindsay-lohan-sex-tape-a-fake/,0
http://bumpshack.com/2008/04/30/rob-lowe-faces-charges-from-second-nanny/rob-lowe-sex-tape/,2
http://bumpshack.com/2008/05/08/jayde-nicole-is-the-2008-playmate-of-the-year/jayde-nicole-sexy-playmate-of-the-year/,2
http://bumpshack.com/2008/07/11/pamela-rogers-myspace-sex-strip-tease-video/pamela-rogers-mug-shot/,0
http://bumpshack.com/2008/10/22/will-smith-seeks-scientology-to-cure-his-homosexuality/,2
http://bumpshack.com/2008/11/19/sexy-kristen-johnston-nude-for-peta/,2
http://bumpshack.com/2008/11/21/the-10-sexiest-vampires-of-all-time/,2
http://bumpshack.com/2008/12/01/milf-sexy-pose-britney-spears-vs-tina-fey/,2
http://bumpshack.com/2008/12/02/jessica-alba-too-sexy-for-campari-calendar/,1
http://bumpshack.com/2008/12/02/jessica-alba-too-sexy-for-campari-calendar/jessica-alba-2009-campari-calendar-10/,0
http://bumpshack.com/2008/12/02/jessica-alba-too-sexy-for-campari-calendar/jessica-alba-2009-campari-calendar-12/,1
http://bumpshack.com/2008/12/02/jessica-alba-too-sexy-for-campari-calendar/jessica-alba-2009-campari-calendar-4/,2
http://bumpshack.com/2008/12/02/jessica-alba-too-sexy-for-campari-calendar/jessica-alba-2009-campari-calendar-5/,1
http://businesswire.com,0
http://bustygalleries.com,3
http://butasforme.com,0
http://buystockdesign.com,0
http://canadiancontent.net,0
http://candyskye.com,3
http://canep.com,0
http://capetown-direct.com,0
http://CarandDriver.com,0
http://CarDomain.com,0
http://CareerBuilder.com,0
http://casaindigo.net,0
http://cashbreak.com,0
http://cashcraft.com,0
http://cdrking.com,0
http://celebricious.com,1
http://CelebSlam.com,2
http://cellstores.com,0
http://centuryhouse.net,0
http://chinwag.co.uk,0
http://christiannewswire.com,0
http://churchpixel.com,0
http://cialis.com,1
http://cinemageddon.org,2
http://circumstitions.com,1
http://citywire.co.uk,1
http://classicpornstars.com/Brooke_West/,3
http://Classmates.com,0
http://clickarrows.com/go/to.php?id=clicksor,0
http://clixa.com,0
http://clubedosvideos.com,3
http://cluboo.com,0
http://cmdn.com,0
http://coedmagazine.com/,1
http://comodo.com,0
http://concordmonitor.com,0
http://Cooking.com,0
http://coolbuddy.smartvideochannel.com,2
http://corfield.org,0
http://corrientelatina.com,0
http://couchsurfing.org,0
http://crackwhoreconfessions.com,3
http://craveonline.com,1
http://crazyblob.com,1
http://crosscards.com,0
http://cse.lk,0
http://cubaclubcasino.com,0
http://cubeecraft.com,0
http://cuckold-chastity-belt-stories.com/slut-wife-stories-3/,3
http://cybersexnetwork3.com/barely18blondes/,3
http://cyber-spy.com,0
http://cyh.com,0
http://czabe.com,0
http://czechboys.com,3
http://dada.net,0
http://dafriend.com,3
http://dailyme.com,0
http://dcist.com,0
http://dealvalues.com,0
http://destinationcamera.com,0
http://devilsworkshop.org,0
http://dhaka69.blogspot.com,3
http://DiaperSwappers.com,0
http://dinneronadollar.com,0
http://directoryfort.com,0
http://directoryseolist.com,0
http://divx-digest.com,0
http://dofol.com,0
http://dogbreedinfo.com,0
http://doomworld.com,0
http://downarchive.com,0
http://downloadsonline.org,2
http://drfouly.com,0
http://drowtales.com,0
http://DrudgeReport.com,1
http://druglibrary.org,0
http://drunkenmature.com,3
http://dunlapdesigngroup.com/,0
http://dyandrajogja.blogspot.com/2009/06/american-glamour-model-carmen-electra.html,1
http://dyers.org,1
http://Earthlink.net,0
http://ebizac.com,0
http://ebookee.com,0
http://e-bookreaders.biz,0
http://ecommerce-pitstop.com,0
http://egyptianclicks.com,0
http://elearn.mtsac.edu/biology/wildlife/,0
http://elegant-offices.com,0
http://Elle.com,1
http://Ellegirl.com,0
http://en.wikipedia.org/wiki/Springhare,0
http://enigmagroup.org,1
http://e-patternscentral.com,0
http://epigee.org,1
http://esgsite.com,0
http://eslcafe.com,0
http://eswarm.com,0
http://etouches.com,0
http://eToys.com,0
http://explorestlouis.com,0
http://f1network.net,0
http://FactMonster.com,0
http://falonofthetower.com,0
http://familyhealthavenue.com,0
http://feedbase.net,0
http://feelphones.com,0
http://femmerotic.com/,3
http://fhi.org,0
http://fhm.co.za,3
http://figator.com,0
http://fightersonlymagazine.co.uk,0
http://filecabi.net,3
http://filedonkey.com,0
http://finest4.com,0
http://firstresponse.com,1
http://fishpetsuppliesnow.com,0
http://Flightstats.com,0
http://flodeo.com,1
http://forta.com,0
http://forum.anothersite.co.uk/nsfw-2-0-videos/256328-red-milf-sons-friend-kitchen.html,3
http://forum.anothersite.co.uk/nsfw-amateur-clips/256727-ex-girlfriend-sextape.html,3
http://forum.anothersite.co.uk/nsfw-amateur-pics/251721-ass-jeans-meaty-pussy-lovers-tgp.html,3
http://forum.anothersite.co.uk/nsfw-amateur-pics/256358-sex-massage-couch-tgp.html,3
http://forwolves.org/ralph/,0
http://foxmarks.com,0
http://foxmonkey.tripod.com/index.html,0
http://freakgals.com,3
http://free.all-free-naked-gay-men-cock-penis-boys-xxx-porn-pics.com/Gilberts_Hardcore_Gay_Men/,3
http://freeadlists.com,0
http://freeadposting.com,0
http://freeadvertisingblog.com,0
http://free-amateur-photo.com/a/uke7/a1/index.html,3
http://free-amateur-photo.com/old/afree2/index.html,3
http://freearticlerewrite.com,0
http://freebingo.co.uk,0
http://free-business-card-templates.com,0
http://freecelebritymoviearchive.com,3
http://freehostking.com,0
http://freelancer-job.com,1
http://freelansex.com,3
http://freelottocasino.com,0
http://freemediinfo.com,0
http://freepolls.com,0
http://freeproxyserver.net/index.php?view=http%3a%2f%2fwww.milfhunter.com%2fenter.htm%3fid%3dnd5000,0
http://FreeRideGames.com,2
http://freesubmitwebsiteurl.com,0
http://freewarcraftguides.com,0
http://freewarefiles.com,0
http://frenchentree.com,0
http://freshpics.blogspot.com,1
http://friedster.com,0
http://froggertv.com,0
http://frparis.webng.com/paris-hilton-crotch.html,2
http://fubar.com,0
http://funny4myspace.com/comments/sex,0
http://gaiam.com,0
http://GaiaOnline.com,0
http://galesburg.com,1
http://Gamebattles.com,0
http://gamebattles.com/profile/sexiness/photos,1
http://gamelink.com,0
http://gamemobile.co.uk,0
http://games96.com,0
http://garvgraphx.com/,2
http://gather.com,0
http://gay-boys.depravedlust.com/,3
http://gayguide.net/Europe/Hungary/Budapest/,0
http://gaysocialites.com,2
http://gay-torrents.net,3
http://gearslutz.com,0
http://getfrank.co.nz,1
http://get-some-more.blogspot.com,0
http://girlsplayingtogether.adultbouncer.com/,3
http://global-free-classified-ads.com,0
http://gobiddin.com,0
http://goduquesne.cstv.com/tickets/duqu-tickets.html,0
http://gogurl.com,0
http://goldenfeed.com,0
http://golflinksblog.com,0
http://gone-hollywood.com/,2
http://Gorillamask.com,3
http://gorp.away.com/gorp/location/or/or.htm,0
http://Gourmandia.com,0
http://gourmetsa.co.za,0
http://grannyfuns.com,3
http://greenpeace.org,0
http://groups.yahoo.com/group/lotr_recs/,0
http://gslut.com,3
http://gta-series.com,1
http://gudli.com,0
http://hackingalert.com,0
http://hackinthebox.org,0
http://Hallpass.com,0
http://hdtvlounge.net,0
http://headbands.com,1
http://healthfreedomusa.org,2
http://healthissuesunmasked.wordpress.com,0
http://healthplanone.com,0
http://hismansion.com/hmm/index.php?option=com_content&task=section&id=16&Itemid=67,0
http://hoax-slayer.com,1
http://hockeybuzz.com,1
http://hoggywarts.conforums.com/.,2
http://holbi.co.uk,0
http://homespyvideo.com,3
http://homesrealestates.com,0
http://hornysausage.com/sexycartoons/,3
http://howardmovies.com,3
http://h-top.com,3
http://hustlerstaboo.com,3
http://iconerz.com,0
http://icoste.com,0
http://idrugspedia.com,1
http://ifotbol.com,0
http://ilemoned.com,0
http://illianaprayer.com,0
http://imikimi.com/main/search?query=sexy,2
http://imikimi.com/sexy_red15?username=sexy_red15&page=4,0
http://impressivewebs.com,0
http://indiagiftsworld.com,0
http://indian-sex-central.com,3
http://infopirate.org,0
http://informedconsent.co.uk,3
http://infusionblog.com,0
http://instantpopover.com,0
http://inteligentd.com,3
http://intercasinocasino.com,0
http://itexamking.com,0
http://iwannaforum.com,0
http://jaimeblue.tripod.com/,0
http://jasmineraebakery.com,0
http://jeffjsnider.com,0
http://jetblueairways.com,0
http://jfk-airport.net,0
http://jhu.edu,0
http://joebrowns.co.uk,0
http://jointheporn.com,3
http://jojofund.com,0
http://justanswer.com,0
http://justguys.net,2
http://justin-cook.com,0
http://justsweetgirls.com,3
http://kamashastra.com,2
http://kathys-comments.angelfire.com/sexygurls1.html,1
http://kathys-comments.angelfire.com/sexygurls12.html,1
http://kathys-comments.angelfire.com/sexygurls7.html,3
http://kctv5.com,0
http://kd-laptop.com,0
http://kidshealth.org/parent/growth/index.html,1
http://kikasjournal.blogspot.com,3
http://kinkycomments.com/comments/sex_flirt/?page=12,3
http://kinkycomments.com/comments/sex_flirt/?page=15,3
http://kinkycomments.com/comments/sex_flirt/?page=23,3
http://kinkycomments.com/comments/sex_flirt/?page=4,3
http://kinkycomments.com/comments/sex_flirt/?page=6,2
http://kinkycomments.com/decorations/sexy/?page=64,1
http://kinkycomments.com/decorations/sexy/?page=7,2
http://kissnikki.com,3
http://kitchenkrafts.com,0
http://kizclub.com,0
http://klub.posluh.hr/metal/cof/cof.htm,2
http://kotex.com,1
http://kptv.com,1
http://kval.com,0
http://lahorecarpet.com,0
http://lasenza.com,0
http://lastheplace.com,0
http://latitudeleasing.com/,0
http://leadingedgecash.com,1
http://Leftlanenews.com,0
http://letsgodigital.org,0
http://lexolutionit.com,0
http://liberator.com,3
http://limewire.com,0
http://linkscity.net/?p=1518,0
http://liveadulthost.com,0
http://liveclick.mozdev.org/,0
http://loanonlineuk.com,0
http://londononline.co.uk,0
http://lovegalls.com,3
http://loverslane.com,2
http://love-scent.com,2
http://luckymojo.com,0
http://lxhxxnxxx.softarchive.net/romantic_in_hawaii.13329.html,0
http://lyricsyoulove.com,1
http://m.webring.com/hub?ring=yaoi28,3
http://Macnn.com,0
http://madeingermany.adultbouncer.com/,3
http://madhomeclips.com,3
http://Mail.com,0
http://makeyougohmm.com,0
http://makisearch.com,0
http://malektips.com,0
http://marketplacetheme.com,0
http://marksdailyapple.com,0
http://masquerade23.com,0
http://massage-career-guides.com,1
http://matmi.com,0
http://mature-madness.com,3
http://mature-post.com,3
http://maturesexvideo.net,3
http://meetup.com,1
http://members.tripod.com/LEADER_7/adultjokes.html,2
http://members.tripod.com/mvslash/index.htm,3
http://memestreams.net,0
http://MergerJournal.com,0
http://messengertools.net,0
http://metaffiliation.com,0
http://mideastyouth.com,1
http://Migente.com,1
http://milf-blog.net,3
http://miracle-breast-gain.com,2
http://missdemi.net,0
http://mobilebenz.com,0
http://mobilezoneltd.com,0
http://modest-clothing.com,0
http://mojoe-lounge.com,0
http://mommypassionista.com,1
http://Monster.com,0
http://moreintelligentlife.com,0
http://motionforum.net,0
http://Move.com,0
http://moviedownloadss.blogspot.com/,0
http://moviemountain.com,3
http://moviesgold.com,3
http://MrSwing.com,0
http://mucacadownloads.com,0
http://mulley.net,1
http://musculardevelopment.com,1
http://musik.am,0
http://M-W.com,0
http://my.break.com/content/search/search.aspx?m=searchvideos&p=all&pg=2&sort=&s=girls%20pussy&cs=true&bs=true,2
http://my.break.com/content/search/search.aspx?m=searchvideos&p=all&pg=2&sort=&s=sexy&cs=true&bs=true,0
http://my.break.com/content/search/search.aspx?m=searchvideos&p=all&pg=3&sort=&s=sex%20scene&cs=true&bs=true,2
http://my.netzero.net/s/sp,0
http://MyCity.com,0
http://myimghost.com,0
http://my-install.com,2
http://myprotein.co.uk,0
http://myretailcodes.com,0
http://mysexvideoblog.com,3
http://Myspace.com,0
http://nakedteenie.com/free-sex-pictures/,3
http://neartermsolutions.com,0
http://neatco.com,0
http://neoarticle.com,0
http://NetZero.net,0
http://neverblueescape.com,0
http://neways.com,0
http://newprophecy.net,1
http://newsfornatives.com,0
http://newspaperindex.com,0
http://ngindex.com,0
http://nicegrannies.com,3
http://nicoleteen.com/,2
http://nighteyedscats.webng.com/,3
http://niir.org,0
http://noah-health.org,0
http://nodevice.com,0
http://objectfreaks.com,3
http://ohioline.osu.edu/hyg-fact/5000/5350.html,0
http://onabux.com,0
http://onamission.com,0
http://onesuite.com,0
http://onlinecollege.org,0
http://onlinejobsmentor.com,0
http://oobject.com,0
http://open-directories.com,1
http://ourhomeclips.org,3
http://oxcgn.com,1
http://pafoa.org,0
http://page-directory.com,0
http://painbdsm.com,3
http://pamela.biz,0
http://parenting.com,0
http://payones.com,3
http://paypalsucks.com,0
http://pelagicreels.com,0
http://perushops.com,0
http://petmd.com,0
http://photo-desktop.com,0
http://phs.ucdavis.edu/,0
http://planet-traffic.com,0
http://pointbluntpro.com,0
http://poopreport.com,0
http://PopPhoto.com,2
http://popsz.com,0
http://porndiscovery.com/avs/02/15y/_net/index.html,3
http://pornfolders.com/bigcooksn01/search.htm,3
http://pornfolders.com/maturen04/search.htm,3
http://pornstaremart.com,3
http://potongstim.com,0
http://power106.com,0
http://premierhuntingscopes.com,0
http://prizesgroup.com,0
http://processaffiliaterebates.com,0
http://profileangels.com/comments/sex_flirt/?page=16,2
http://profileangels.com/comments/sex_flirt/?page=38,3
http://profilefantasy.com/decorations/sexy/?page=33,3
http://profilefantasy.com/decorations/sexy/?page=49,2
http://pronetworks.org,0
http://Pronto.com,1
http://protectlicense.com/softwareactivation/index.php,0
http://protectwebform.com,0
http://proz.com,0
http://pugmarks.net,0
http://puresexmovies.com,3
http://quickbeds.com,0
http://randomdetox.com,0
http://raysahelian.com,0
http://realdoll.com,3
http://RealGM.com,1
http://reallylinked.com,0
http://Realtor.com,0
http://redbandhq.com,2
http://redbubble.com,0
http://redtagdeals.com,0
http://Rentals.com,0
http://revellian.com,3
http://reviewsaurus.com,0
http://revision3.com,1
http://rickross.com,1
http://rippingames.com,1
http://rirepublican.com,0
http://RoadandTrack.com,0
http://ROBLOX.com,0
http://robstool.com,0
http://roflrazzi.com,2
http://roomstogo.com,0
http://roseindia.net,0
http://roxio.com,0
http://Runescape.com,0
http://sacred-texts.com,0
http://saleshq.com,0
http://sameshow.com,0
http://sandiego.org,0
http://sanfranciscosentinel.com,1
http://saugstube.to,3
http://saviodsilva.net,0
http://sax.com,2
http://Scout.com,1
http://scrapgirls.com,0
http://secretfriends.com,2
http://sedu.tv,0
http://seelai.com,3
http://sellabusinessflorida.com,0
http://sendmecomments.com/decorations/sexy/?page=38,3
http://seo-choice.com,0
http://seometer.com,0
http://serverpronto.com,0
http://sexbarge.com/scccum/index.html,3
http://sexbot.com,3
http://sexindocity.blogspot.com/,3
http://sexplaycamexpress.com,3
http://sextoys.com,3
http://sexwebwww.com/redhot/,3
http://sexy-girls.freepussyporno.com/index.html,3
http://sexylactation.com,3
http://sexytera.adult.directnic.com/,3
http://sexywomenblog.blogspot.com/2009/05/sexy-indian-actress-hairstyle-kareena.html,1
http://shadowsurf.com,0
http://shareup.com,0
http://sharkyextreme.com,0
http://SheKnows.com,0
http://shemalecanada.com,3
http://shoutresponse.com,0
http://silverorange.com,0
http://sipsap.com,3
http://sitebetter.com,0
http://sitespower.com,0
http://sleeping-out.co.za,0
http://smartinfosys.net,0
http://smokeydreams.adultbouncer.com/,3
http://smokingteenie.com/teen-blow-job/,3
http://smuttt.com,3
http://Snagajob.com,0
http://snaptu.com,0
http://snarkyarchies.com,0
http://socialmedia.com,0
http://someboys.com,3
http://something-fishy.org,0
http://soprano.com,0
http://spanx.com,1
http://spbclub.com,0
http://sponsordirectory.com,0
http://sportsfan.com,0
http://spring.org.uk,1
http://starbucksstore.com,0
http://starsha.com/self_description/milf/?page=4,2
http://stason.org,0
http://stdemiana-avatomas.com,0
http://stevenbell.blogspot.com,0
http://sticholidays.com,0
http://stocking-movies.com,3
http://stockroom.com,3
http://Streetfire.net,0
http://studiohd.com,3
http://superdiscountshop.com,0
http://surefire.com,0
http://suttoncenter.org,0
http://sympatico.ca,0
http://t3.com,2
http://talkreviews.com,2
http://tdstats.com,0
http://teenage.saucyteens.com/index.html,3
http://teendolls.com,3
http://telemed-care.com,0
http://testking.biz,0
http://tgp.glamourmodelsgonebad.com/galleries/100062/jusjlijagty_m,3
http://th.la,0
http://thearticlesource.net,0
http://thebody.com,1
http://thebreastcancersite.com,0
http://thebudgetbabe.com,0
http://thedomains.com,1
http://TheFreeDictionary.com,0
http://thegadgets.net,0
http://thegooglepagerank.com,0
http://thehornyporn.com/interracial/ifp/cyberage/,3
http://thejimboat.com,2
http://theloanplanet.com,0
http://themezoom.com,0
http://thepeeing.com,3
http://thepinetree.net,0
http://theshoppingmama.com,0
http://thetrafficflow.com,0
http://thevillablog.co.uk,1
http://theworldsbestever.com,2
http://thisis50.com/forum/topics/you-choose-who-is-the-sexiest?id=784568%3atopic%3a9156388&page=35,3
http://thisis50.com/profile/sexynish,0
http://thumbshots.org,0
http://tickle.com,0
http://timekiller.com,3
http://tjfengcai.com,0
http://tnasupermarket.com/bigholes/,3
http://tnasupermarket.com/drunkenbigtittedblonde/,3
http://tnasupermarket.com/sites3/frenchcollegeboys,2
http://tnasupermarket.com/ug/jackin,3
http://tnasupermarket.com/ug/takingitdeep/,3
http://tokyotimes.org,0
http://tomorrow.sg,0
http://top.dirty-shemale.com/,3
http://top50restaurantcoupons.com,0
http://tophosts.com,0
http://topnames.com,0
http://tormovies.com,3
http://torrentsaregood.com/,0
http://townhall.com,1
http://tradekey.com,0
http://transexpress.com,0
http://travelingmiller.com,2
http://travelportland.com,0
http://trojancondoms.com,1
http://twinksandboys.com,3
http://uberdownloads.com,0
http://ubervidz.com,0
http://ultimatecalendargirls.com,3
http://uploads.spike.com/blog/tell-how-she-is-in/76412,2
http://upublish.info,0
http://urladex.com,3
http://usa.com,0
http://USAutoparts.com,0
http://usenet.to,0
http://utahgab.net,0
http://utlotto.org,0
http://vcx.com,3
http://vho.com,3
http://videocatwalk.com,3
http://videocharge.com,0
http://vintage-pornographic-photographs.xxxagency.com/,3
http://vitalfurniture.com,0
http://volcanohits.com,0
http://warninglabelgenerator.com,1
http://watchlivefootball.tv,0
http://web.mac.com/christopher_thompson/iWeb/Site/Welcome.html,0
http://web4health.info/en/answers/sex-gen-what-to-do.htm,2
http://webnewswire.com,1
http://webofficedirectory.com,0
http://webrepairdirectory.co.uk,0
http://WebRidesTV.com,0
http://webslackers.com,0
http://web-ster.net/ohioelks/,0
http://webworldguide.com,0
http://webyantra.net,0
http://wegotitfirst.com,1
http://weirduniverse.net,2
http://whdb.com,0
http://whiotv.com,0
http://wiibrew.org,0
http://wiinintendo.net,0
http://wimp.com,0
http://winchester.com,0
http://wjactv.com,0
http://wmitoday.com,0
http://woodshedenvironment.wordpress.com/,0
http://woodworkersworkshop.com,0
http://wootcade.com,0
http://WorkersCompensation.com,0
http://worldamazinginformation.com,1
http://www.007absolutehardcore.com/fuck_pics/index.html,3
http://www.100percentporno.com/sites/fucking_facials/,3
http://www.123mycodes.com/comments/sexy/,1
http://www.1sweetass.com/tightass/,3
http://www.44dd-big-boobs.com/big-boobs/l/lovette/,3
http://www.4lesbiansonly.com/,3
http://www.4whw.com/celebrity/,2
http://www.99eroticstories.com/,3
http://www.a1cum.com/,3
http://www.a24-7pornsite.com/fisting_frenzy/,3
http://www.absolutedanny.com/,3
http://www.actionfreeporn.com/hardcore-free-porn/,3
http://www.actionlove.com/,3
http://www.actionmen.com/cumming/,1
http://www.adkstudios.com/,0
http://www.adultbouncer.com/webmasters.php,3
http://www.adultmoviebabes.com/,3
http://www.advancedmacking.com/,1
http://www.affairgirls.co.uk/,3
http://www.aimeesweet.com/,3
http://www.airnav.com/airport/AK62,0
http://www.alldaddys.com/dadgoesinterracial/welcome.html,3
http://www.alldaddys.com/leatherdaddy/welcome.html,3
http://www.alldaddys.com/plat/bearattraction/,2
http://www.allfetishsexpictures.com/menbondage/,3
http://www.all-free-quality-pics.com/cindy/,3
http://www.all-free-quality-pics.com/f/0105/015/,3
http://www.all-free-sex-pics-free-sex.com/busty-free-sex-pics/,3
http://www.all-free-sex-pics-free-sex.com/pure-free-sex/,3
http://www.allsexypictures.com/teenfood/fillpuss/index.html,3
http://www.amateur-free-porn-pics-free-porn.com/messy-free-porn/,3
http://www.amateur-interracial-sex.com/black-pussy-sistas/,3
http://www.amateur-porn-movies.net/,3
http://www.amateur-sex-area.com/avs/nude-amateur-babe/ca/,3
http://www.amateursex-pics.com/amateur_porn_pics/,3
http://www.amature-free-porn-pics-free-porn-pics-free-porn-pics.com/oral-pussy-free-sex/,3
http://www.amazing-asses.com/,3
http://www.amiannoying.com/(S(ohzfwh55w0zqgm55vzhwzc55))/collection.aspx?collection=6986,0
http://www.amys-free-threesome-xxx-pictures.com/,3
http://www.anal-sex-positions-tips.com,3
http://www.analvaley.com/shemales/,3
http://www.angelfire.com/de/webgrrlchris/mother.html,0
http://www.angelfire.com/journal/everpalace/not_usual_h_slash/index.html,3
http://www.angelfire.com/zine/barbieonastick/,0
http://www.animeogre.com/avs/1008aa/fnp.html,3
http://www.aquamans.net/galleries/ebony/ebony.html,3
http://www.ariagiovannimovies.com/Pornstars/Daniella_Schiffer/,3
http://www.ariagiovannimovies.com/Pornstars/Stacy_Silver/,3
http://www.armchairempire.com/Reviews/Dreamcast/aerowings2.htm,0
http://www.arowana.us,0
http://www.asgardinc.com/,0
http://www.ashleyrenee.com/,3
http://www.asian-porn-free.com/free-asian-pics/,3
http://www.asianpuntang.com/,3
http://www.asylum.com/2009/04/06/peta-crowns-sexiest-vegetarian/,1
http://www.athensacademy.org,0
http://www.atk.org.uk/tiny-roslyn/,3
http://www.atlnightspots.com/bob-marley-grand-daughter-sex-tape/,1
http://www.atmospherecreative.ca,1
http://www.auntyagony.net,3
http://www.avslinx.com/a/pregnant/index.htm,3
http://www.avsring.com/sites/amateurz2/,3
http://www.avsring.com/sites/hugetitties/index.html,3
http://www.babes-n-horny.com/,2
http://www.ballooning-network.co.uk/,0
http://www.bbc.co.uk/history/historic_figures/charles_ii_king.shtml,1
http://www.bcpresscouncil.org/reports/1993.html,0
http://www.beachhunters.com/,3
http://www.betweensheets.net/,3
http://www.bigbreastedblonde.com/pablos_lesbian_sex_gallery/index.html,3
http://www.bigbusen.com/,3
http://www.bigkugels.com/,2
http://www.bigpictures.com/,3
http://www.bigtoysex.com/,3
http://www.birdwellprimary.org.uk/,0
http://www.bizarre-free-porn-pics-free-porn-pics-free-porn-pics.com/clit-licking-lesbian-free-porn/,3
http://www.blackgaychat.com,3
http://www.black-teenz.com/blackmen/,3
http://www.blowjobsgallery.com/,3
http://www.boobs-breasts.com/0105/bbk/f/,3
http://www.breenysautobody.com,0
http://www.bridgeworld.com/default.asp?d=intro_to_bridge&f=introtobridgemainpage.html,0
http://www.britishairwaysjobs.com/,0
http://www.btmon.com/,3
http://www.buddypic.com/newest.php?sex=f,0
http://www.buddypic.com/newest.php?sex=f&page=118,3
http://www.buddypic.com/newest.php?sex=f&page=447,0
http://www.buddypic.com/newest.php?sex=f&page=452,0
http://www.buddypic.com/newest.php?sex=m,2
http://www.buddypic.com/rate.php?sex=f,1
http://www.buddypic.com/rate.php?votename=erinxcorelove&sex=f,1
http://www.buddypic.com/rate.php?votename=onbelievable&sex=f,2
http://www.buddypic.com/top.php?sex=f&page=185,1
http://www.buddypic.com/top.php?sex=f&page=297,2
http://www.buddypic.com/top.php?sex=f&page=352,1
http://www.buddypic.com/top.php?sex=m&page=31,1
http://www.bullz-eye.com/channels/oppositesex.htm,1
http://www.c14.com/,3
http://www.callanteam.com/,0
http://www.camcol.co.uk/,0
http://www.candyford.com/,0
http://www.canterburyboxshop.com/,0
http://www.cantsay.com/tap/670/index.html,3
http://www.capesandcastles.com,0
http://www.cat69.com/desires.html,1
http://www.ccmrc.com/,0
http://www.ccotrust.nhs.uk/,0
http://www.celebrities-weblog.com/50226711/male_celebrities_playing_the_field_in_hollywood.php,1
http://www.celebritysmackblog.com/,1
http://www.celebritysmackblog.com/2005/01/31/jude-law-sex-scandal-ends-in-divorce/,1
http://www.cemeteryonline.com/,1
http://www.cfnm-party-sex.com/hardcore-cfnm-fucking/index.html,3
http://www.cheergirls.com/,3
http://www.cheernudes.com/lesbian/1107lss/,3
http://www.cherryboys.com/boyinblack/,3
http://www.cherryboys.com/starrlostpics/,3
http://www.cherryboys.com/stonehenge/index.html,3
http://www.cherryboys.net/bballcoach/index.html,3
http://www.cherryboys.net/queerstriptease/index.html,3
http://www.choc-city.com/,0
http://www.chubbylinks.com/,3
http://www.chyoo.com,0
http://www.clipmoon.com/videos/677819/sex-xxx-lesbo-lesbians-sexo-babe-big-boobs-huge-ass-porn.html,0
http://www.co.st-louis.mn.us/slcportal/SiteMap/HomePage/Departments/Sheriff/tabid/93/Default.aspx,0
http://www.computer-recycling.com.au/,0
http://www.cookevillechurch.com/,0
http://www.coolhardcore.com/sites/sandras_gspot/,3
http://www.cpa.psu.edu/,0
http://www.cracked.com/article_17300_6-ways-that-porn-runs-world.html,1
http://www.csptrader.com,0
http://www.cumshots-revue.com/astonishing-cumshots/,3
http://www.cumshots-revue.com/cum-soaked-sluts/,3
http://www.curvycarolynn.co.uk/,3
http://www.cyberdyne-systems.co.uk/bz/bzsplash.html,0
http://www.cybersexnetwork3.com/daringpublicexposure/,3
http://www.cybersexnetwork3.com/sweetpinkamateurs/,3
http://www.cydian.com/,0
http://www.dailyjackoffstories.com,3
http://www.dailysexpix.com/cr/fat/a.htm,3
http://www.datelight.com/,3
http://www.deadginny.com/,0
http://www.deepbox.com/images/hot-sexy-or-naughty-8.html,2
http://www.demotivateus.com/absurdity-sure-no-one-will-ask-for-more-if-you-post-sexy-pictures-demotivational-poster/,2
http://www.demotivateus.com/category/sexist/,1
http://www.demotivateus.com/category/sexy/,3
http://www.demotivateus.com/category/sexy/page/12/,2
http://www.demotivateus.com/category/sexy/page/13/,2
http://www.demotivateus.com/category/sexy/page/5/,2
http://www.demotivateus.com/category/sexy/page/7/,3
http://www.demotivateus.com/hitler-loved-to-have-sexy-parties-demotivational-poster/,3
http://www.demotivateus.com/tag/anal-sex/,2
http://www.demotivateus.com/tag/sexy/,2
http://www.demotivateus.com/tag/sexy/page/6/,3
http://www.demotivateus.com/tag/sexy-gamer-girl/,1
http://www.desertcuties.com/,0
http://www.dianne-uk.com/,3
http://www.discreteamateurs.com/index.html,3
http://www.dollartraffic.com/,0
http://www.dubberley.com/,3
http://www.dune2k.com/duniverse/dune2/,0
http://www.dungeon-steel.com/,0
http://www.dvb101.net,0
http://www.ebony-girls-sex.com/booty/kj/,3
http://www.ebookee.com/men-s-sexual-health-fitness-for-satisfying-sex_183368.html,1
http://www.ecgbb.com/,3
http://www.edmunds.com/used/acura/,0
http://www.elisesutton.homestead.com/intro.html,2
http://www.elook.org/games/cheats/gba/292.shtml,1
http://www.elyrics.net/read/p/pussycat-dolls-lyrics/when-i-grow-up-lyrics.html,2
http://www.enemasex.com/,3
http://www.epsilon-theta.org,0
http://www.eros-ohio.com,3
http://www.erostranssexuals.com,3
http://www.erotica-for-women.com/,3
http://www.erotic-comics.info/,3
http://www.escalantedesigns.com/,0
http://www.escortagenciesuk.com/,2
http://www.escortsnz.com/,3
http://www.es-ee-ex.com/lingerie/nylonsbrasstockings/index.shtml,3
http://www.etwinks.com/underwearparadise/,2
http://www.evansvilleplaza.com/,0
http://www.evilmilk.com/pictures/drunk_sex.htm,1
http://www.evilmilk.com/pictures/pussy_cat530.htm,3
http://www.evilmilk.com/pictures/sex_can_wait.htm,3
http://www.evilmilk.com/pictures/sex_instructor_fail.htm,2
http://www.evilmilk.com/pictures/soo_sexy.htm,1
http://www.exeloncorp.com/,0
http://www.eye.net/classifieds/adultengine.php?adultindex,0
http://www.fallsbrookyurts.com,0
http://www.famousmales.net/fmindex.html,1
http://www.faragomusic.com/,0
http://www.farthingpoodles.com/,0
http://www.fatgirlsporn.com/,3
http://www.favoritelinks.net/avs/teenbondage/,3
http://www.fbc-in.org/index.php,0
http://www.felinecatrescue.org.uk/,0
http://www.fe-lines.co.uk/,3
http://www.femdom-bizarre.com/boot-slaves/,3
http://www.femdomsfacesitting.com/,3
http://www.femdom-story.biz/cbt-unlimited/,3
http://www.femdomswithstrapons.com/,3
http://www.fetishadult.com/ca/xxx-threesomes/,3
http://www.fetishbest.com/,3
http://www.fetishdungeons.com/feetjobs/amateur-feetjob/index.html,3
http://www.fetish-extremes.com/free/hh/121802/,3
http://www.fetishporn.com/,3
http://www.fetishsexlinks.com/index.html,3
http://www.fhm.com/site/100sexiest/default.aspx?countryid=1,1
http://www.fhm.com/site/100sexiest/topten/eight.aspx,1
http://www.fhm.com/site/100sexiest/topten/five.aspx,0
http://www.fhm.com/site/100sexiest/topten/ten.aspx,0
http://www.fighttips.com/videos/girl-fights/sexy-chick-fight-200809011362/,3
http://www.fileplanet.com/100714/0/section/DOOM-3:-Resurrection-of-Evil,0
http://www.filmjerk.com/,0
http://www.filthylesbians.com/younglesbians/index.htm,3
http://www.fineasspics.com/,3
http://www.fivestarass.com/,3
http://www.flywithchristrealty.com/,0
http://www.fontlover.com/,0
http://www.foot-fetish-sluts.com/carissa/,3
http://www.footsex.org/Aberrant-Foot-Sex-Pics/,2
http://www.forthegirls.com/hot-men/,3
http://www.free-adult-image-gallery.com/jenna-free-porn/,0
http://www.free-adult-image-gallery.com/more-sex-free-porn/,3
http://www.free-amateur-photo.com/a/uke2/a4/nv/warning.html,3
http://www.free-asian-porn-pictures.com/,3
http://www.free-black-nude-pic.com/naked_pussy/index.html,3
http://www.free-blowjob-xxx-galleries.com/evas_blowjob_warnpage.htm,3
http://www.freecyberboys.com/promkings/,3
http://www.free-ebony-porn-pics.com/ebony_porn_galleries/,3
http://www.free-gay-porn-movies-pictures.com/zabs-free-gay-porno-pics-sl.htm,3
http://www.free-gay-sex-mpegs-photos.com/,3
http://www.free-group-sex-pictures-orgy.com/Lesleys_Free_Groupsex_World/index.shtm,3
http://www.free-hairy-pussy-pictures-pics.com/,3
http://www.free-hardcore-sex-pictures.net/garys-gay-sex/,3
http://www.free-lesbian-sex-pictures.com/Burts_Free_Lesbian_Images/index.shtm,3
http://www.free-live-xxx-sex-videos-movies.com/softcore_xxx_toesucking_pics/,3
http://www.free-live-xxx-sex-videos-movies.com/toni's_ultimate_lesbian_experience/,3
http://www.free-mature-women-pics-mature-women.com/nasty-mature-women/,3
http://www.free-panty-upskirts-pictures.com/free-pantyhose-pictures/,3
http://www.free-porn4u.com/tiny-tit-amateur/index.html,3
http://www.free-porn-asia.com/asian_hot_pics/,3
http://www.freepornforu.com/double_ended_dildo/,3
http://www.free-porn-pics-free-porn-pics.com/big-dildo-free-sex/,3
http://www.free-porn-pics-free-porn-pics-free-porn-pics-free-porn-pics.com/bedroom-pleasures-free-porn/,3
http://www.free-porn-pics-sites.com/dafydd-naked-teens/,3
http://www.freeproxyserver.net/index.php?view=http%3a%2f%2fwww.bigmax.ru%2fcgi-bin%2fyabb1%2fyabb.cgi%3fboard%3dsex%3baction%3ddisplay%3bnum%3d1219560639,0
http://www.freeproxyserver.net/index.php?view=http%3a%2f%2fwww.milfhunter.com%2fm-deedee.htm%3fid%3dnd5000,0
http://www.free-pussy-gallery.com/black/prettyblackgirl/lndex.html,3
http://www.free-sex-hosting.com/my_sexy_secretaries/index.html,3
http://www.free-sex-porn-pics-free-sex-porn-pics.com/ladies-free-sex/,3
http://www.free-tv-video-online.info/internet/movies/(2008)_a_complete_history_of_my_sexual_failures.html,1
http://www.ftdfloristsonline.com/hubbardsflorist/,0
http://www.fundistraction.com/2008/06/tila-tequila-sex-tape-leaked.html,3
http://www.gamestats.com/objects/142/14223575/,1
http://www.gatewaycomics.com/,0
http://www.gayboysex.net/botwgonewild/,3
http://www.gayboysex.net/dutchboyamerica/index.html,0
http://www.gaymalesnude.com/01/smooth-and-cute-twinks/,3
http://www.gaysexporn.net/jailbaitboys/bondage/,3
http://www.gellersautomotive.com,0
http://www.geocities.com/Athens/Rhodes/5209/,0
http://www.geocities.com/geneturns/,0
http://www.geocities.com/manchesterdelight/,2
http://www.geocities.com/ourmodeltrains/index.html,0
http://www.geocities.com/Pentagon/6251/CampPage.HTML,0
http://www.geocities.com/redrider4me/,3
http://www.geocities.com/SouthBeach/Boardwalk/7271/,0
http://www.geocities.com/tthelaih/,1
http://www.geocities.com/votes4monkeys/balaclava.htm,0
http://www.geocities.com/WestHollywood/Village/8699/,2
http://www.geohost.net/adm/maxine/,3
http://www.geohost.net/adm/red/,3
http://www.georgehotelofstamford.com/,0
http://www.gigasoft.com/,0
http://www.gigglesworld.com/,3
http://www.ginalynn.com/,3
http://www.girl-nude.com/asian/Erotic_Asian_Girls_in_Heat/index.shtml,3
http://www.girlplaces.com/allison16/gpag1/,3
http://www.goldenapple.co.uk/,3
http://www.gracegrimes.com/,1
http://www.graphics4myspace.com/myspace_graphics/comment_graphics/sexy_comments/12,2
http://www.grosvenor-antiquesfair.co.uk/,0
http://www.grovelec.co.uk/,0
http://www.gulfterracecondos.com/,0
http://www.hardcoregoldengirls.com/campus/,3
http://www.hardcore-xxx-sex-nude-porn.com/arts-project-voyeur/,3
http://www.hc-dvd.com/,3
http://www.heatherboland.utvinternet.com/,0
http://www.henati.net/babes/blondes/fnpentrance.html,3
http://www.hentai-factory.com/webmasters/index.html,3
http://www.hentaigalaxy.org/free-hentai-xxx-pictures/adult-anime-hentai/,3
http://www.hi5.com/friend/f354957996--sexy_lady--html,0
http://www.hi5.com/friend/f372722241--sexy_as--html,1
http://www.hi5.com/friend/p183376686--sexy%20sharp_chollette--html,1
http://www.hillbillyhavenwv.com/,0
http://www.hollycroft.net/,0
http://www.holytaco.com/jessica-aka-miss-rabbit,2
http://www.hoptechno.com/book29a.htm,0
http://www.hosting365.com/,0
http://www.hot-bitch-sucking-cock-pictures.com/,3
http://www.hot-cum-on-her-face.com/,3
http://www.hot-free-porn-free-porn-pics-free-porn.com/,3
http://www.hot-free-sex-porn.com/porn-stars-free-porn-pics/,3
http://www.hot-girls-usa.com/lesbian/straponsex/pl/,3
http://www.hotsexsites.org/nude-male-celebrities/jason-behr-nude/,3
http://www.hot-sexy-porn-pictures.com/bambis-sex-toys/,3
http://www.hotxxxpornsites.com/xxx/kinky-clit-lickers/lesbian-lovers/,3
http://www.humiliation.ws/,3
http://www.humiliation.ws/femdom-sissy/,3
http://www.humornsex.com/,3
http://www.hustlercanada.com,3
http://www.hypnoticdreams.com/,0
http://www.ifaiexpo.info/,0
http://www.imagehousing.com/sexy/,3
http://www.imagehousing.com/sexy/25,3
http://www.imagehousing.com/sexy/46,2
http://www.imagehousing.com/sexy/62,1
http://www.imagehousing.com/sexy/7,2
http://www.imagehousing.com/sexy/77,2
http://www.imagehousing.com/sexy/8,3
http://www.in-bulgaria.com/,2
http://www.indiangirlsphotos.com/2008/11/tamil-actress-gallery-sexy-suguna.html,3
http://www.indian-glamour.com/hotindianpussy/,3
http://www.inspectorvagina.com/,3
http://www.interlinkelectronics.com/,0
http://www.internetstudies.appstate.edu/,0
http://www.iog.wayne.edu/,0
http://www.irelandemb.org/,0
http://www.islandadults.net/,3
http://www.italycookingschools.com/,0
http://www.ixiantechnologies.com/,0
http://www.jamielee.rarecelebrities.co.uk/,3
http://www.jcrelations.net/en/?id=1465,1
http://www.jedmicro.com.au,0
http://www.jerusalem-studies.alquds.edu/,0
http://www.johnnysporn.com/lesbian-sex/,3
http://www.juicybucks.com/,1
http://www.karaslinks.com/male-strippers/,3
http://www.kingrock.co.uk,0
http://www.kinkycomments.com/comments/sex_flirt/?page=29,2
http://www.kinkycomments.com/comments/sex_flirt/?page=34,3
http://www.kinkycomments.com/decorations/sexy/?page=16,3
http://www.kinkycomments.com/decorations/sexy/?page=2,3
http://www.kinkycomments.com/decorations/sexy/?page=40,2
http://www.kinkycomments.com/decorations/sexy/?page=59,3
http://www.kinkycomments.com/decorations/sexy/?page=6,2
http://www.labare.com/,2
http://www.ladyparadise.net/,2
http://www.lanarkcare.com/,0
http://www.landmarkcreations.com/,0
http://www.larasharem.com/asian/thayntight/,3
http://www.largeknockers.com/,3
http://www.larrystackle.com/,0
http://www.lasertrack.co.uk/,0
http://www.lasvegasstrippers.net/,2
http://www.latin-babe.com/hot-latina-model/index.html,3
http://www.latin-babe.com/latina-porn-pics/index.html,3
http://www.layouts.fm/preview/169510/sexy%20red%20head.html,1
http://www.lbcexpress.com,0
http://www.lesbian-porn.net/free-lesbian-porn/,3
http://www.lesbian-porno-pictures.com/lesbian-pictures-naked/,3
http://www.lesbian-porn-tongue.com/bikini-girls/,3
http://www.lesbiansexorgies.com/lesbianorgy/,3
http://www.lesbian-sex-pic.net/lesbian-sex-porn-free/lesbian-sex-porn/,3
http://www.lesbianteen.net/brandy-big-fat-lesbians/,3
http://www.letsbuildadollhouse.com/,0
http://www.lezbijke.com/niche/lesbo-games/lesbo.html,3
http://www.livesexforfree.com/hot_lesbians/,3
http://www.loladavis.com/index.htm,3
http://www.lorettabarrettbooks.com,0
http://www.lovelylezzies.com/,3
http://www.lynxxx.com/,3
http://www.maddpics.8m.com/,0
http://www.magnusuk.com/,0
http://www.mameworld.net/movies/,0
http://www.mangafox.com/page/manga/read/1544/sex_to_kiss_to_setsunasa_no_aida/chapter.38021/page.14/,3
http://www.manoticktravel.com/,0
http://www.mansclub.com/pecx/,2
http://www.manxscouts.com/camp.html,0
http://www.maries-journal.com,3
http://www.marqueeofficesolutions.com/,0
http://www.mason-marconi.com/nude/MasonMarconi/,3
http://www.mature-free-sex.com/Mature-Dildo/,3
http://www.mcheathers.com/CliveMain.htm,0
http://www.midnightcd.net/,3
http://www.mindblowingporn.com/pornstar/miko-lee/,3
http://www.mininova.org,0
http://www.minou.com/aboutsex/masturbation.htm,2
http://www.mistressamathist.pwp.blueyonder.co.uk/,0
http://www.mistresscordelia.net/,3
http://www.mitags.org,0
http://www.mommy-graphics.com/glitter-comments/sexy-mom-comments/1.html,0
http://www.moorlands.staffs.sch.uk/,0
http://www.mosingers.com/composers/puccini.html,0
http://www.mousesear.com/,3
http://www.mschristine.com/,2
http://www.muckybitch.com/sites/jennette/index.html,3
http://www.mybdsm.com/pages/snowangel_23/,3
http://www.my-sexy-games.com/,2
http://www.mysterymachine.com/terraca/index.html,3
http://www.nakedhomepages.com/joanna1/index.html,3
http://www.nakedhomepages.com/katrina1/index.html,3
http://www.nakedonthe.net/uniformed_teen_schoolgirl/,3
http://www.nastyfreeporn.com/lesbian-free-sex-pics/,3
http://www.naughtyboyz.com/,3
http://www.naughtycards.com/,3
http://www.naughtycelebrity.com/sites/sarah-michelle-gellar-pictures/sarah-michelle-gellar-pictures.htm,2
http://www.nearlygood.com/videos/babes/,3
http://www.necrobabes.org/samson/,3
http://www.newulm.k12.mn.us/education/district/district.php?sectionid=1,0
http://www.nextdoorteen.com/emily/ndag1/,2
http://www.ninjadude.com/ximg/index.php/antonella-barba/antonella-barba-pussy.jpg?action=big&size=original,1
http://www.ninjadude.com/ximg/index.php/lindsay-lohan/lindsay-lohan-pussy-flash.jpg?action=big&size=original,2
http://www.ninjadude.com/ximg/index.php/vanessa-hudgens/vanessa-hudgens-nude-pussy.jpg?action=big&size=original,3
http://www.niobraracountylibrary.org/history/index.php?id=36,0
http://www.northeastcharterboatcaptainsassociation.com/,0
http://www.nude-in-public.tv/,3
http://www.nudelover.com/sites/hardcore/jezabel/uncensoredpornstars.htm,3
http://www.nude-teen-sex-pic.com/kellys_nude_butt/index.html,3
http://www.nudetitty.com/busty-blonde/,3
http://www.nudist-beach-pictures.com/,3
http://www.nvmundo.com/raft,0
http://www.ocd.com,0
http://www.ohiocarbonblank.com/,0
http://www.onlytorrents.com/search/fabulous-glamour-girl-cherie-rubbs-cock-on-her-tits-xxx-sex-porn:relevancy,3
http://www.onlytorrents.com/search/kim-kardashian-golden-shower-sex-tape-full-length-video:relevancy,3
http://www.onlytorrents.com/search/young-boy-sex,3
http://www.onlytorrents.com/torrent/horse-fucks-skinny-girl-animal-sex-xxx-wmv:7e3b5c575da360d1def1d6988ee0b54c57375297,3
http://www.onlytorrents.com/torrent/margot-stilley-sex-scene-from-9-songs:233d4496421e1c3de0b6f78624935f19058c5d1f,3
http://www.onlytorrents.com/torrent/sexy-jessica-simpson-nipple-slip-video-collection:d3fd67361cdfd388154f180bf9432c706487cdad,3
http://www.onlytorrents.com/torrent/shemale-vanity-full-collection-transexual-performer-of-the-y:b826eaab174a28eca1f3e8e360f99ed6f05d857a,3
http://www.oral-cumshot.com/pussy/,3
http://www.orcadian.co.uk/,0
http://www.orgyplayground.com/Erotic_Orgy_Sex_Pictures/index.htm,3
http://www.overclips.com/,3
http://www.page3.com/,2
http://www.pantyhosemen.com/men-in-pantyhose/,3
http://www.pantyhose-obsession.com/pantyhose-sex/sexy-pantyhose/,3
http://www.pantyhose-video.com/pantyhose_fetish_sex/pantyhose_galleries/index.htm,3
http://www.pcquestusa.com/,0
http://www.pendorwright.com/,2
http://www.petite-tits.com/,3
http://www.peytral.com/,0
http://www.photos-biron.com/,2
http://www.pimp-my-profile.com/graphics/contact-tables.php?cat=21&cname=sexy&kw=&nh=190,3
http://www.pimp-my-profile.com/graphics/contact-tables.php?cat=21&cname=sexy&kw=&nh=630,0
http://www.pimp-my-profile.com/graphics/contact-tables.php?nh=200&cat=0&cname=&kw=sexy,3
http://www.pimp-my-profile.com/graphics/contact-tables.php?nh=320&cat=21&cname=sexy&kw=,1
http://www.pimp-my-profile.com/graphics/contact-tables.php?nh=390&cat=21&cname=sexy&kw=,3
http://www.pimp-my-profile.com/layouts/layouts.php?site=myspace&cat=21&cname=sexy,2
http://www.pimp-my-profile.com/layouts/layouts.php?site=myspace&cat=21&cname=sexy&sort=&kw=&sl=&nh=110,2
http://www.pimp-my-profile.com/layouts/layouts.php?site=myspace&cat=21&cname=sexy&sort=&kw=&sl=&nh=150,2
http://www.pimp-my-profile.com/layouts/layouts.php?site=myspace&cat=21&cname=sexy&sort=&kw=&sl=&nh=160,3
http://www.pimp-my-profile.com/layouts/layouts.php?site=myspace&cat=21&cname=sexy&sort=&kw=&sl=&nh=180,3
http://www.pimp-my-profile.com/layouts/layouts.php?site=myspace&cat=21&cname=sexy&sort=&kw=&sl=&nh=210,1
http://www.pimp-my-profile.com/layouts/layouts.php?site=myspace&cat=21&cname=sexy&sort=&kw=&sl=&nh=250,0
http://www.pimp-my-profile.com/layouts/layouts.php?site=myspace&cat=21&cname=sexy&sort=&kw=&sl=&nh=80,1
http://www.pimp-my-profile.com/layouts/layouts.php?site=myspace&nh=110&cat=21&cname=sexy&sort=&kw=&sl=,3
http://www.pimp-my-profile.com/layouts/layouts.php?site=myspace&nh=120&cat=21&cname=sexy&sort=&kw=&sl=,1
http://www.pimp-my-profile.com/layouts/layouts.php?site=myspace&nh=130&cat=21&cname=sexy&sort=&kw=&sl=,1
http://www.pimp-my-profile.com/layouts/layouts.php?site=myspace&nh=140&cat=21&cname=sexy&sort=&kw=&sl=,1
http://www.pimp-my-profile.com/layouts/layouts.php?site=myspace&nh=210&cat=21&cname=sexy&sort=&kw=&sl=,1
http://www.pimp-my-profile.com/layouts/layouts.php?site=myspace&nh=230&cat=21&cname=sexy&sort=&kw=&sl=,3
http://www.pimp-my-profile.com/layouts/layouts.php?site=myspace&nh=60&cat=21&cname=sexy&sort=&kw=&sl=,1
http://www.pimp-my-profile.com/layouts/layouts.php?site=myspace&nh=70&cat=21&cname=sexy&sort=&kw=&sl=,2
http://www.pimp-my-profile.com/layouts/layouts.php?site=myspace2&cat=21&cname=sexy,1
http://www.pimp-my-profile.com/layouts/layouts.php?site=myspace2&cat=21&cname=sexy&sort=&kw=&sl=&nh=100,0
http://www.pimp-my-profile.com/layouts/layouts.php?site=myspace2&cat=21&cname=sexy&sort=&kw=&sl=&nh=130,3
http://www.pimp-my-profile.com/layouts/layouts.php?site=myspace2&cat=21&cname=sexy&sort=&kw=&sl=&nh=20,2
http://www.pimp-my-profile.com/layouts/layouts.php?site=myspace2&cat=21&cname=sexy&sort=&kw=&sl=&nh=260,2
http://www.pimp-my-profile.com/layouts/layouts.php?site=myspace2&nh=10&cat=21&cname=sexy&sort=&kw=&sl=,2
http://www.pimp-my-profile.com/layouts/layouts.php?site=myspace2&nh=100&cat=21&cname=sexy&sort=&kw=&sl=,3
http://www.pimp-my-profile.com/layouts/layouts.php?site=myspace2&nh=170&cat=21&cname=sexy&sort=&kw=&sl=,3
http://www.pimp-my-profile.com/layouts/layouts.php?site=myspace2&nh=50&cat=21&cname=sexy&sort=&kw=&sl=,1
http://www.pimp-my-profile.com/layouts/layouts.php?site=myspace2&nh=50&cat=21&cname=sexy&sort=nrating&kw=&sl=,3
http://www.pimp-my-profile.com/layouts/layouts.php?site=myspace2&nh=90&cat=21&cname=sexy&sort=&kw=&sl=,1
http://www.piratemedia.ca/ca/24_hour_hentai/index.html,1
http://www.planetvoyeur.com/,3
http://www.playboy.com/girls/sex/features/sgnd/hannah-rory/hannah-rory.html,2
http://www.playboy.com/playmates/personal/branderoderick/,2
http://www.playfulswingers.com,1
http://www.playinsandiego.com/,0
http://www.plinia.net/,0
http://www.pogoed.com/forum/18-up/8956-milf-lessons-tyler-faith-ocotber-16-a.html,3
http://www.popcrunch.com/celebrity-nipple-slips/,2
http://www.popyourhood.com,1
http://www.pornextasy.com/p/nici/index.htm,3
http://www.porno-galleries.net/sylvia-saint/free/,3
http://www.porn-sex-erotica.com/,3
http://www.porntube21.com,3
http://www.pornvalleynews.com,3
http://www.pornzite.com/carrot_bang/,3
http://www.pornzite.com/dmoz/nurses/nurse_photo/,3
http://www.poulengerusa.com/,0
http://www.precisionoptic.com/,0
http://www.pregnant-belly.com/oral-sex-videos/index.html,3
http://www.privateholes.com/mature/old-matures/index6.html,3
http://www.profilefantasy.com/comments/sex_flirt/?page=3,3
http://www.profilefantasy.com/comments/sex_flirt/?page=33,2
http://www.profilefantasy.com/decorations/sexy/?page=38,3
http://www.project-safe.org/,0
http://www.ps2iso.net,0
http://www.pspiso.com,0
http://www.publicplacenudism.com/,3
http://www.publishinghelp.com/,0
http://www.punishmeplease.com/,2
http://www.pussey-free-porn-pics-free-porn-pics-free-porn-pics.com/ever-toys-free-sex/,3
http://www.pussey-free-porn-pics-free-porn-pics-free-porn-pics.com/incredible-lesbians-free-sex/,3
http://www.pussybald.com/ghetto_black_porn/index.html,3
http://www.pussy-free-porn-pics-free-porn.com/black-pussy-pics/,3
http://www.pussy-free-porn-pics-free-porn-pics-free-porn-pics.com/lesbian-free-porn/,3
http://www.pussystrike.com/,3
http://www.quebecsnowmobiling.com,0
http://www.quinterealestate.ca/,0
http://www.radiosargam.com/films/archives/16398/meet-jackie-shroffs-sexy-wife-ayesha-and-even-sexier-daughter-krishna.html,2
http://www.radiosargam.com/films/archives/25246/sexed-up-esha-is-all-at-sea-in-shorts-and-tight-top.html,1
http://www.ranjinitextiles.net/,0
http://www.rawamateurvideo.com/blowjobs/main-fnp.html,3
http://www.real-estatetips.com,0
http://www.realmofgaming.com/?page=psxcheats/kingoffighters96.php&type=cheats,1
http://www.realsexsites.com/pnp/1/cutelittleamateurteens/index.html,3
http://www.realsexsites.com/pnp/1/daringteenexhibitionists/index.html,3
http://www.realsexsites.com/pnp/2/bustyteenmodels/index.html,3
http://www.rebeccalord.com,3
http://www.riverthamesboathire.co.uk/,0
http://www.roadsni.gov.uk/,0
http://www.samshofbrau.com/,1
http://www.sandstromphoto.com/,0
http://www.sarasand.de/,0
http://www.satinplace.com/,3
http://www.scandinavian-beauty.com/top100/index.html,3
http://www.scat-eaters.com/,3
http://www.science-house.org/,0
http://www.sds.uwo.ca/int/,0
http://www.sellersvilleboro.org/,0
http://www.sexcitynet.com/sexy-comics/erotic-comics/index.html,3
http://www.sexelectric2000.com/,3
http://www.sex-extreme-hardcore.com/huge-cock/,3
http://www.sex-hardcore-bondage.com/experiencethefineline/adultcheck.htm,3
http://www.sexhealthguru.com/?survey&damnfunnypictures,2
http://www.sexhealthguru.com/?survey&elephant14,2
http://www.sexhealthguru.com/?survey&elephant16,2
http://www.sexhealthguru.com/?survey&elephant19,3
http://www.sexhealthguru.com/?survey&glamzilla,3
http://www.sexhealthguru.com/?survey&hottestvideo,2
http://www.sexhealthguru.com/?ytkbestsex&kicesiebestsex,2
http://www.sexhealthguru.com/index.php?id=120,3
http://www.sexhealthguru.com/index.php?id=121,2
http://www.sexhealthguru.com/index.php?id=125,3
http://www.sexhealthguru.com/index.php?id=126,2
http://www.sexhealthguru.com/index.php?id=131,2
http://www.sexhealthguru.com/index.php?id=132,2
http://www.sexhealthguru.com/index.php?id=134,2
http://www.sexhealthguru.com/index.php?id=171,2
http://www.sexhealthguru.com/index.php?id=176,1
http://www.sexhealthguru.com/index.php?id=183,2
http://www.sexhealthguru.com/index.php?id=189,2
http://www.sexhealthguru.com/index.php?id=190,3
http://www.sexhealthguru.com/index.php?kicesie2,2
http://www.sexhealthguru.com/index.php?pleasure_him,3
http://www.sexhealthguru.com/index.php?sex_addiction_and_sex_therapy,2
http://www.sexhealthguru.com/index.php?survey&elephant17,2
http://www.sexhealthguru.com/index.php?survey&glamzilla,2
http://www.sexhosters.com/users/mako/cum_on_my_face/,3
http://www.sexhosters.com/users/mako/whore_wives/,3
http://www.sex-marks.com/cr/oldfatty/1.htm,3
http://www.sex-marks.com/d/three/index.htm,3
http://www.sex-pics-free-sex-pics-free-sex.com/valide-site-free-sex/,3
http://www.sexwitch.com/lesbopussies/warning.html,3
http://www.sexxxyporno.com/sexyladies/index.html,3
http://www.sexycouple.com/,3
http://www.sexy-fat-women.com/youngfatties/,3
http://www.sexynudecoeds.com/jans_naked_woman_pics/,3
http://www.sexynudecoeds.com/vagina_check_up/,3
http://www.sexynudecoeds.com/wet_pantyhose_porn/,3
http://www.sexypetite.com/,3
http://www.sexy-redheads-pictures.com/redbondage/index.html,3
http://www.shaunysexton.com/angel/index.html,3
http://www.sherryts.com/,3
http://www.shocoranch.com/,0
http://www.showguys.com/,3
http://www.showsalon.com,3
http://www.sierracountyrealty.com/,0
http://www.signalcorps.org,0
http://www.sing365.com/music/lyric.nsf/i-hate-this-part-lyrics-pussycat-dolls/e2a052a60389ad87482574cf000b6c32,1
http://www.slamjamz.com/,0
http://www.sloppyseconds.com/voyerskirtca/index.html,3
http://www.slutclit.com/free-nude-babes-pics/,3
http://www.smilingpussylinks.com/,3
http://www.sodomgay.com/index-us.php3,3
http://www.sof-stx.com,0
http://www.soonsoonoil.com.my/,0
http://www.spanking-stories.co.uk/,3
http://www.sparkletags.com/graphics/gif/flirty-and-sexy/romanticcouplesc/,1
http://www.spicecomments.com/comments/sexy/,3
http://www.spicecomments.com/comments/sexy/3,3
http://www.spicecomments.com/comments/sexy/4,2
http://www.spicecomments.com/comments/sexy/6,1
http://www.spicecomments.com/comments/sexy/7,1
http://www.spicecomments.com/comments/sexy_girls/10,2
http://www.spicecomments.com/comments/sexy_girls/3,2
http://www.spicecomments.com/comments/sexy_men/11,2
http://www.spicecomments.com/comments/sexy_men/14,2
http://www.spicecomments.com/comments/sexy_men/15,1
http://www.spicecomments.com/comments/sexy_men/2,1
http://www.spike.com/video/woman-moisturizes/3137340,2
http://www.spiritflair.com/,0
http://www.spycambabes.com/watch-me-primp/index.html,3
http://www.spyrospetros.com/,0
http://www.starsha.com/comments/sex_flirt/?page=4,3
http://www.stationhouse.com/,0
http://www.stickymax.20m.com,0
http://www.streetlookup.com/,0
http://www.submissivesexslaves.com/free/whippedass/warn.htm,3
http://www.suck-sluts.com/,3
http://www.sugarloving.com/2067098,1
http://www.suite101.com/article.cfm/3810/34737,0
http://www.sussex.ac.uk/history/,0
http://www.sweetsusie19.com/,0
http://www.swiss-belhotel.com/,0
http://www.takeitoff.net/models/ariana.html,3
http://www.tanos.org.uk/,2
http://www.taugamelodge.com,0
http://www.tco.gov.pk/,0
http://www.techzilo.com/,0
http://www.teenagedreamz.com/avs/td/,3
http://www.teens-panties.com/horny_schoolgirls/index.html,3
http://www.texasdodge.com/,0
http://www.thatsembarrassing.com/sex.php,2
http://www.theadultwebmaster.com/modules/TAW_Forum/cacheindex.html,0
http://www.thealbarestaurant.com/,0
http://www.theinsider.com/news/1071396_Angelina_Jolie_Nude_Video_Beware,1
http://www.theregister.co.uk/2000/06/23/trading_standards_check_out_redhotant/,0
http://www.thermacor.com,0
http://www.thesecharmingmen.com/,0
http://www.theskinsfactory.com,0
http://www.thestrandhouse.co.uk/,0
http://www.thewildgoose.com/,1
http://www.thexxxarchive.com/a/a/monice/a.htm,3
http://www.thexxxarchive.com/adc/mass/index.htm,3
http://www.thexxxarchive.com/g/bigdick/a.htm,3
http://www.thexxxarchive.com/g/xxxl/index.htm,3
http://www.thexxxarchive.com/x/f2/v/ca1.htm,3
http://www.thickblacksistas.com/,3
http://www.tiednteasedonline.com/,3
http://www.tim-mann.org/xboard.html,0
http://www.titaddict.com/amateur-tits/,3
http://www.tnasupermarket.com/sites2/hairyeuropeanchicks/,3
http://www.tomropesmcgurk.com/,3
http://www.toonsexy.com/content/index.shtml,3
http://www.topix.com/city/scituate-ma,1
http://www.topsexywomen.com/audrey-dippenaar-picture-8.html,3
http://www.topsexywomen.com/celebrity-posters.html,2
http://www.topsexywomen.com/fergie-pic.html,1
http://www.topsexywomen.com/nicole-ricca.html,2
http://www.topsexywomen.com/nicole-ricca-picture-7.html,2
http://www.topsexywomen.com/shakira-picture-1.html,2
http://www.topsexywomen.com/shakira-picture-2.html,1
http://www.topsexywomen.com/shakira-picture-3.html,1
http://www.topsexywomen.com/shakira-picture-4.html,2
http://www.topsexywomen.com/shakira-picture-5.html,2
http://www.topsexywomen.com/tomika-skanes-picture-3.html,1
http://www.toys4lust.com/,2
http://www.tptnet.com/virginia/,3
http://www.trannylove.com/free-tranny-pic/index.html,3
http://www.triplexsmut.com/interracial/hot-interracial-sex/index.html,3
http://www.truck-cargo-insurance.com,0
http://www.twin-industries.co.uk/,0
http://www.twoway.net/,0
http://www.ucip.org/warrior/,0
http://www.unclechigo.com/sexy-legs/,2
http://www.uncoached.com/2008/07/05/sexy-saturday-gabrielle-richens/,2
http://www.uncoached.com/2008/11/29/sexy-saturday-just-another-vegas-girl-named-jessica/,2
http://www.unit1motorcycles.co.uk,0
http://www.unnizgames.com/,0
http://www.untanned.com/white-butts/index.html,3
http://www.usc.edu/schools/business/atisp/ERP/,1
http://www.utdocs.com/AdultClinic/Otolaryngology/,0
http://www.vandmteam.com/,0
http://www.vanityfayre.com,3
http://www.vatican.va/holy_father/index.htm,0
http://www.velvetcurtain.net/,1
http://www.venhaus1.com/,0
http://www.vinestreetinn.com/,0
http://www.viterbo.edu/academic/ug/education/edu250/vawall/,1
http://www.vultureslair.com/aussiesex/,3
http://www.wallstfinancialcorp.com/,0
http://www.warez-bb.org,0
http://www.watchsomeporn.com/sites10/afterschoolpleasures/index.html,3
http://www.watchsomeporn.com/sites12/lesbianteensoncampus/index.html,3
http://www.watchsomeporn.com/sites19/tightteenpussies/index.html,3
http://www.watersport-pissing.com/pregnant-sex/,3
http://www.wearemany.net/tiff/index.html,0
http://www.weather.com/weather/local/USIN0079,0
http://www.wethersfieldlibrary.org/,0
http://www.whitetailranch.com/,0
http://www.whitney-houston.com/,0
http://www.wiiso.com,0
http://www.wildandhotsex.com/,3
http://www.wildgazebo.com/svaha/,1
http://www.wild-oral-sex-movies.com/sashas_oralsex_warnpage.htm,3
http://www.wildsport.co.uk/,0
http://www.wincanton.ik.org/,0
http://www.winterwoodworks.com,0
http://www.wondrieschevrolet.com/,0
http://www.woodchesterstudio.co.uk/,0
http://www.worldarterotica.com/,3
http://www.worldwomanwrestling.com/,3
http://www.wshield.com/,0
http://www.wwtdd.com/photo.phtml?post_key=20871&photo_key=79261,3
http://www.xbox360iso.com,0
http://www.x-north.com/leigh/,3
http://www.xpages.net/pleasures-of-the-east/enter.htm,3
http://www.xxx-amateur-porn-pics.com/,3
http://www.xxx-asian-girls.com/index.html,3
http://www.xxx-asian-porn.com/index.html,3
http://www.xxxfreeteen.com/blow_jobs_oral_sex_pics/index.html,3
http://www.xxxnightdrive.com/,1
http://www.xxxpantypics.com/lesbian_pic/,3
http://www.xxx-sex-amateur.com/ahard04/index.htm,3
http://www.xxxspace.net/sites/naturalwomen/,3
http://www.xxxtasygirl.com/petite_teen_panties/tour.htm,3
http://www.yescomments.com/sexy-2.html,0
http://www.yescomments.com/sexy-3.html,1
http://www.youseemore.com/allen/,0
http://www.zafferano.co.uk/,0
http://www.ziddu.com/download/2814010/sexmovie.wmv.html,0
http://www.ziddu.com/downloadfile/2282786/kwaitsex1.3gp.html,3
http://www.ziddu.com/downloadfile/2788667/couple_in_sex.wmv.html,3
http://www.ziddu.com/gallery/2506907/nice_girlhavingsexwithherboyfrnd-xxx.jpg.html,3
http://www.zob-top-xlinks.com/,3
http://www.zooass.com/,2
http://www.zorynalive.com,3
http://www.zwani.com/graphics/sexy/?page=5,1
http://www3.sympatico.ca/frankperron/,0
http://wwws.org,0
http://wwww.buddypic.com/newest.php?sex=f&page=2,2
http://xbiz.net,0
http://xboxscene.com,0
http://xcelme.com,0
http://xero-error.com,2
http://xfakes.net,3
http://xh0st.com,3
http://xk1.net,0
http://xroxy.com,0
http://xyzbluebook.org/absolutedeepthroat/mc/index.htm,3
http://xyzbluebook.org/clubdelicious/,3
http://xyzbluebook.org/innocentcollegegirl/,3
http://xyzbluebook.org/whitetrashwedding/,3
http://Yahoo.com,0
http://yalatan.8m.com/,3
http://Yardbarker.com,0
http://yesicancycler.com,0
http://yogee.com.au,0
http://yongfook.com,0
http://yoputube.com,0
http://yosemitepark.com,0
http://youhip.com,0
http://youngwomenshealth.org,0
http://yourwebsitevalue.com,0
http://yousendit.com,0
http://zangocash.com,0
http://zeprinter.com,0
http://zipcodez.com,0
http://zml.com,1
http://zonezero.com,0
http://zooped.com,2
http://ztrua.com,0
